Stimulus,Choice1,Choice2,Choice3,Choice4,Choice5,Choice6,Choice7,Choice8,Corr
../../CompanionFolderForCognitiveTasks/MatricesImages/altBMatrix1.bmp,../../CompanionFolderForCognitiveTasks/MatricesImages/altBMatrix1Choice1.bmp,../../CompanionFolderForCognitiveTasks/MatricesImages/altBMatrix1Choice2.bmp,../../CompanionFolderForCognitiveTasks/MatricesImages/altBMatrix1Choice3.bmp,../../CompanionFolderForCognitiveTasks/MatricesImages/altBMatrix1Choice4.bmp,../../CompanionFolderForCognitiveTasks/MatricesImages/altBMatrix1Choice5.bmp,../../CompanionFolderForCognitiveTasks/MatricesImages/altBMatrix1Choice6.bmp,../../CompanionFolderForCognitiveTasks/MatricesImages/altBMatrix1Choice7.bmp,../../CompanionFolderForCognitiveTasks/MatricesImages/altBMatrix1Choice8.bmp,2
../../CompanionFolderForCognitiveTasks/MatricesImages/altBMatrix2.bmp,../../CompanionFolderForCognitiveTasks/MatricesImages/altBMatrix2Choice1.bmp,../../CompanionFolderForCognitiveTasks/MatricesImages/altBMatrix2Choice2.bmp,../../CompanionFolderForCognitiveTasks/MatricesImages/altBMatrix2Choice3.bmp,../../CompanionFolderForCognitiveTasks/MatricesImages/altBMatrix2Choice4.bmp,../../CompanionFolderForCognitiveTasks/MatricesImages/altBMatrix2Choice5.bmp,../../CompanionFolderForCognitiveTasks/MatricesImages/altBMatrix2Choice6.bmp,../../CompanionFolderForCognitiveTasks/MatricesImages/altBMatrix2Choice7.bmp,../../CompanionFolderForCognitiveTasks/MatricesImages/altBMatrix2Choice8.bmp,5
../../CompanionFolderForCognitiveTasks/MatricesImages/altBMatrix3.bmp,../../CompanionFolderForCognitiveTasks/MatricesImages/altBMatrix3Choice1.bmp,../../CompanionFolderForCognitiveTasks/MatricesImages/altBMatrix3Choice2.bmp,../../CompanionFolderForCognitiveTasks/MatricesImages/altBMatrix3Choice3.bmp,../../CompanionFolderForCognitiveTasks/MatricesImages/altBMatrix3Choice4.bmp,../../CompanionFolderForCognitiveTasks/MatricesImages/altBMatrix3Choice5.bmp,../../CompanionFolderForCognitiveTasks/MatricesImages/altBMatrix3Choice6.bmp,../../CompanionFolderForCognitiveTasks/MatricesImages/altBMatrix3Choice7.bmp,../../CompanionFolderForCognitiveTasks/MatricesImages/altBMatrix3Choice8.bmp,7
../../CompanionFolderForCognitiveTasks/MatricesImages/altBMatrix4.bmp,../../CompanionFolderForCognitiveTasks/MatricesImages/altBMatrix4Choice1.bmp,../../CompanionFolderForCognitiveTasks/MatricesImages/altBMatrix4Choice2.bmp,../../CompanionFolderForCognitiveTasks/MatricesImages/altBMatrix4Choice3.bmp,../../CompanionFolderForCognitiveTasks/MatricesImages/altBMatrix4Choice4.bmp,../../CompanionFolderForCognitiveTasks/MatricesImages/altBMatrix4Choice5.bmp,../../CompanionFolderForCognitiveTasks/MatricesImages/altBMatrix4Choice6.bmp,../../CompanionFolderForCognitiveTasks/MatricesImages/altBMatrix4Choice7.bmp,../../CompanionFolderForCognitiveTasks/MatricesImages/altBMatrix4Choice8.bmp,2
../../CompanionFolderForCognitiveTasks/MatricesImages/altBMatrix5.bmp,../../CompanionFolderForCognitiveTasks/MatricesImages/altBMatrix5Choice1.bmp,../../CompanionFolderForCognitiveTasks/MatricesImages/altBMatrix5Choice2.bmp,../../CompanionFolderForCognitiveTasks/MatricesImages/altBMatrix5Choice3.bmp,../../CompanionFolderForCognitiveTasks/MatricesImages/altBMatrix5Choice4.bmp,../../CompanionFolderForCognitiveTasks/MatricesImages/altBMatrix5Choice5.bmp,../../CompanionFolderForCognitiveTasks/MatricesImages/altBMatrix5Choice6.bmp,../../CompanionFolderForCognitiveTasks/MatricesImages/altBMatrix5Choice7.bmp,../../CompanionFolderForCognitiveTasks/MatricesImages/altBMatrix5Choice8.bmp,3
../../CompanionFolderForCognitiveTasks/MatricesImages/altBMatrix6.bmp,../../CompanionFolderForCognitiveTasks/MatricesImages/altBMatrix6Choice1.bmp,../../CompanionFolderForCognitiveTasks/MatricesImages/altBMatrix6Choice2.bmp,../../CompanionFolderForCognitiveTasks/MatricesImages/altBMatrix6Choice3.bmp,../../CompanionFolderForCognitiveTasks/MatricesImages/altBMatrix6Choice4.bmp,../../CompanionFolderForCognitiveTasks/MatricesImages/altBMatrix6Choice5.bmp,../../CompanionFolderForCognitiveTasks/MatricesImages/altBMatrix6Choice6.bmp,../../CompanionFolderForCognitiveTasks/MatricesImages/altBMatrix6Choice7.bmp,../../CompanionFolderForCognitiveTasks/MatricesImages/altBMatrix6Choice8.bmp,2
../../CompanionFolderForCognitiveTasks/MatricesImages/altBMatrix7.bmp,../../CompanionFolderForCognitiveTasks/MatricesImages/altBMatrix7Choice1.bmp,../../CompanionFolderForCognitiveTasks/MatricesImages/altBMatrix7Choice2.bmp,../../CompanionFolderForCognitiveTasks/MatricesImages/altBMatrix7Choice3.bmp,../../CompanionFolderForCognitiveTasks/MatricesImages/altBMatrix7Choice4.bmp,../../CompanionFolderForCognitiveTasks/MatricesImages/altBMatrix7Choice5.bmp,../../CompanionFolderForCognitiveTasks/MatricesImages/altBMatrix7Choice6.bmp,../../CompanionFolderForCognitiveTasks/MatricesImages/altBMatrix7Choice7.bmp,../../CompanionFolderForCognitiveTasks/MatricesImages/altBMatrix7Choice8.bmp,5
../../CompanionFolderForCognitiveTasks/MatricesImages/altBMatrix8.bmp,../../CompanionFolderForCognitiveTasks/MatricesImages/altBMatrix8Choice1.bmp,../../CompanionFolderForCognitiveTasks/MatricesImages/altBMatrix8Choice2.bmp,../../CompanionFolderForCognitiveTasks/MatricesImages/altBMatrix8Choice3.bmp,../../CompanionFolderForCognitiveTasks/MatricesImages/altBMatrix8Choice4.bmp,../../CompanionFolderForCognitiveTasks/MatricesImages/altBMatrix8Choice5.bmp,../../CompanionFolderForCognitiveTasks/MatricesImages/altBMatrix8Choice6.bmp,../../CompanionFolderForCognitiveTasks/MatricesImages/altBMatrix8Choice7.bmp,../../CompanionFolderForCognitiveTasks/MatricesImages/altBMatrix8Choice8.bmp,2
../../CompanionFolderForCognitiveTasks/MatricesImages/altBMatrix9.bmp,../../CompanionFolderForCognitiveTasks/MatricesImages/altBMatrix9Choice1.bmp,../../CompanionFolderForCognitiveTasks/MatricesImages/altBMatrix9Choice2.bmp,../../CompanionFolderForCognitiveTasks/MatricesImages/altBMatrix9Choice3.bmp,../../CompanionFolderForCognitiveTasks/MatricesImages/altBMatrix9Choice4.bmp,../../CompanionFolderForCognitiveTasks/MatricesImages/altBMatrix9Choice5.bmp,../../CompanionFolderForCognitiveTasks/MatricesImages/altBMatrix9Choice6.bmp,../../CompanionFolderForCognitiveTasks/MatricesImages/altBMatrix9Choice7.bmp,../../CompanionFolderForCognitiveTasks/MatricesImages/altBMatrix9Choice8.bmp,2
../../CompanionFolderForCognitiveTasks/MatricesImages/altBMatrix10.bmp,../../CompanionFolderForCognitiveTasks/MatricesImages/altBMatrix10Choice1.bmp,../../CompanionFolderForCognitiveTasks/MatricesImages/altBMatrix10Choice2.bmp,../../CompanionFolderForCognitiveTasks/MatricesImages/altBMatrix10Choice3.bmp,../../CompanionFolderForCognitiveTasks/MatricesImages/altBMatrix10Choice4.bmp,../../CompanionFolderForCognitiveTasks/MatricesImages/altBMatrix10Choice5.bmp,../../CompanionFolderForCognitiveTasks/MatricesImages/altBMatrix10Choice6.bmp,../../CompanionFolderForCognitiveTasks/MatricesImages/altBMatrix10Choice7.bmp,../../CompanionFolderForCognitiveTasks/MatricesImages/altBMatrix10Choice8.bmp,5
../../CompanionFolderForCognitiveTasks/MatricesImages/altBMatrix11.bmp,../../CompanionFolderForCognitiveTasks/MatricesImages/altBMatrix11Choice1.bmp,../../CompanionFolderForCognitiveTasks/MatricesImages/altBMatrix11Choice2.bmp,../../CompanionFolderForCognitiveTasks/MatricesImages/altBMatrix11Choice3.bmp,../../CompanionFolderForCognitiveTasks/MatricesImages/altBMatrix11Choice4.bmp,../../CompanionFolderForCognitiveTasks/MatricesImages/altBMatrix11Choice5.bmp,../../CompanionFolderForCognitiveTasks/MatricesImages/altBMatrix11Choice6.bmp,../../CompanionFolderForCognitiveTasks/MatricesImages/altBMatrix11Choice7.bmp,../../CompanionFolderForCognitiveTasks/MatricesImages/altBMatrix11Choice8.bmp,1
../../CompanionFolderForCognitiveTasks/MatricesImages/altBMatrix12.bmp,../../CompanionFolderForCognitiveTasks/MatricesImages/altBMatrix12Choice1.bmp,../../CompanionFolderForCognitiveTasks/MatricesImages/altBMatrix12Choice2.bmp,../../CompanionFolderForCognitiveTasks/MatricesImages/altBMatrix12Choice3.bmp,../../CompanionFolderForCognitiveTasks/MatricesImages/altBMatrix12Choice4.bmp,../../CompanionFolderForCognitiveTasks/MatricesImages/altBMatrix12Choice5.bmp,../../CompanionFolderForCognitiveTasks/MatricesImages/altBMatrix12Choice6.bmp,../../CompanionFolderForCognitiveTasks/MatricesImages/altBMatrix12Choice7.bmp,../../CompanionFolderForCognitiveTasks/MatricesImages/altBMatrix12Choice8.bmp,2
../../CompanionFolderForCognitiveTasks/MatricesImages/altBMatrix13.bmp,../../CompanionFolderForCognitiveTasks/MatricesImages/altBMatrix13choice1.bmp,../../CompanionFolderForCognitiveTasks/MatricesImages/altBMatrix13choice2.bmp,../../CompanionFolderForCognitiveTasks/MatricesImages/altBMatrix13choice3.bmp,../../CompanionFolderForCognitiveTasks/MatricesImages/altBMatrix13choice4.bmp,../../CompanionFolderForCognitiveTasks/MatricesImages/altBMatrix13choice5.bmp,../../CompanionFolderForCognitiveTasks/MatricesImages/altBMatrix13choice6.bmp,../../CompanionFolderForCognitiveTasks/MatricesImages/altBMatrix13choice7.bmp,../../CompanionFolderForCognitiveTasks/MatricesImages/altBMatrix13choice8.bmp,1
../../CompanionFolderForCognitiveTasks/MatricesImages/altBMatrix14.bmp,../../CompanionFolderForCognitiveTasks/MatricesImages/altBMatrix14Choice1.bmp,../../CompanionFolderForCognitiveTasks/MatricesImages/altBMatrix14Choice2.bmp,../../CompanionFolderForCognitiveTasks/MatricesImages/altBMatrix14Choice3.bmp,../../CompanionFolderForCognitiveTasks/MatricesImages/altBMatrix14Choice4.bmp,../../CompanionFolderForCognitiveTasks/MatricesImages/altBMatrix14Choice5.bmp,../../CompanionFolderForCognitiveTasks/MatricesImages/altBMatrix14Choice6.bmp,../../CompanionFolderForCognitiveTasks/MatricesImages/altBMatrix14Choice7.bmp,../../CompanionFolderForCognitiveTasks/MatricesImages/altBMatrix14Choice8.bmp,3
../../CompanionFolderForCognitiveTasks/MatricesImages/altBMatrix15.bmp,../../CompanionFolderForCognitiveTasks/MatricesImages/altBMatrix15Choice1.bmp,../../CompanionFolderForCognitiveTasks/MatricesImages/altBMatrix15Choice2.bmp,../../CompanionFolderForCognitiveTasks/MatricesImages/altBMatrix15Choice3.bmp,../../CompanionFolderForCognitiveTasks/MatricesImages/altBMatrix15Choice4.bmp,../../CompanionFolderForCognitiveTasks/MatricesImages/altBMatrix15Choice5.bmp,../../CompanionFolderForCognitiveTasks/MatricesImages/altBMatrix15Choice6.bmp,../../CompanionFolderForCognitiveTasks/MatricesImages/altBMatrix15Choice7.bmp,../../CompanionFolderForCognitiveTasks/MatricesImages/altBMatrix15Choice8.bmp,2
../../CompanionFolderForCognitiveTasks/MatricesImages/altBMatrix16.bmp,../../CompanionFolderForCognitiveTasks/MatricesImages/altBMatrix16Choice1.bmp,../../CompanionFolderForCognitiveTasks/MatricesImages/altBMatrix16Choice2.bmp,../../CompanionFolderForCognitiveTasks/MatricesImages/altBMatrix16Choice3.bmp,../../CompanionFolderForCognitiveTasks/MatricesImages/altBMatrix16Choice4.bmp,../../CompanionFolderForCognitiveTasks/MatricesImages/altBMatrix16Choice5.bmp,../../CompanionFolderForCognitiveTasks/MatricesImages/altBMatrix16Choice6.bmp,../../CompanionFolderForCognitiveTasks/MatricesImages/altBMatrix16Choice7.bmp,../../CompanionFolderForCognitiveTasks/MatricesImages/altBMatrix16Choice8.bmp,5
../../CompanionFolderForCognitiveTasks/MatricesImages/altBMatrix17.bmp,../../CompanionFolderForCognitiveTasks/MatricesImages/altBMatrix17choice1.bmp,../../CompanionFolderForCognitiveTasks/MatricesImages/altBMatrix17choice2.bmp,../../CompanionFolderForCognitiveTasks/MatricesImages/altBMatrix17choice3.bmp,../../CompanionFolderForCognitiveTasks/MatricesImages/altBMatrix17choice4.bmp,../../CompanionFolderForCognitiveTasks/MatricesImages/altBMatrix17choice5.bmp,../../CompanionFolderForCognitiveTasks/MatricesImages/altBMatrix17choice6.bmp,../../CompanionFolderForCognitiveTasks/MatricesImages/altBMatrix17choice7.bmp,../../CompanionFolderForCognitiveTasks/MatricesImages/altBMatrix17choice8.bmp,6
../../CompanionFolderForCognitiveTasks/MatricesImages/altBMatrix18.bmp,../../CompanionFolderForCognitiveTasks/MatricesImages/altBMatrix18Choice1.bmp,../../CompanionFolderForCognitiveTasks/MatricesImages/altBMatrix18Choice2.bmp,../../CompanionFolderForCognitiveTasks/MatricesImages/altBMatrix18Choice3.bmp,../../CompanionFolderForCognitiveTasks/MatricesImages/altBMatrix18Choice4.bmp,../../CompanionFolderForCognitiveTasks/MatricesImages/altBMatrix18Choice5.bmp,../../CompanionFolderForCognitiveTasks/MatricesImages/altBMatrix18Choice6.bmp,../../CompanionFolderForCognitiveTasks/MatricesImages/altBMatrix18Choice7.bmp,../../CompanionFolderForCognitiveTasks/MatricesImages/altBMatrix18Choice8.bmp,4
../../CompanionFolderForCognitiveTasks/MatricesImages/matrix1.bmp,../../CompanionFolderForCognitiveTasks/MatricesImages/matrix1choice1.bmp,../../CompanionFolderForCognitiveTasks/MatricesImages/matrix1choice2.bmp,../../CompanionFolderForCognitiveTasks/MatricesImages/matrix1choice3.bmp,../../CompanionFolderForCognitiveTasks/MatricesImages/matrix1choice4.bmp,../../CompanionFolderForCognitiveTasks/MatricesImages/matrix1choice5.bmp,../../CompanionFolderForCognitiveTasks/MatricesImages/matrix1choice6.bmp,../../CompanionFolderForCognitiveTasks/MatricesImages/matrix1choice7.bmp,../../CompanionFolderForCognitiveTasks/MatricesImages/matrix1choice8.bmp,5
../../CompanionFolderForCognitiveTasks/MatricesImages/matrix2.bmp,../../CompanionFolderForCognitiveTasks/MatricesImages/matrix2choice1.bmp,../../CompanionFolderForCognitiveTasks/MatricesImages/matrix2choice2.bmp,../../CompanionFolderForCognitiveTasks/MatricesImages/matrix2choice3.bmp,../../CompanionFolderForCognitiveTasks/MatricesImages/matrix2choice4.bmp,../../CompanionFolderForCognitiveTasks/MatricesImages/matrix2choice5.bmp,../../CompanionFolderForCognitiveTasks/MatricesImages/matrix2choice6.bmp,../../CompanionFolderForCognitiveTasks/MatricesImages/matrix2choice7.bmp,../../CompanionFolderForCognitiveTasks/MatricesImages/matrix2choice8.bmp,7
../../CompanionFolderForCognitiveTasks/MatricesImages/matrix3.bmp,../../CompanionFolderForCognitiveTasks/MatricesImages/matrix3choice1.bmp,../../CompanionFolderForCognitiveTasks/MatricesImages/matrix3choice2.bmp,../../CompanionFolderForCognitiveTasks/MatricesImages/matrix3choice3.bmp,../../CompanionFolderForCognitiveTasks/MatricesImages/matrix3choice4.bmp,../../CompanionFolderForCognitiveTasks/MatricesImages/matrix3choice5.bmp,../../CompanionFolderForCognitiveTasks/MatricesImages/matrix3choice6.bmp,../../CompanionFolderForCognitiveTasks/MatricesImages/matrix3choice7.bmp,../../CompanionFolderForCognitiveTasks/MatricesImages/matrix3choice8.bmp,3
../../CompanionFolderForCognitiveTasks/MatricesImages/matrix4.bmp,../../CompanionFolderForCognitiveTasks/MatricesImages/matrix4choice1.bmp,../../CompanionFolderForCognitiveTasks/MatricesImages/matrix4choice2.bmp,../../CompanionFolderForCognitiveTasks/MatricesImages/matrix4choice3.bmp,../../CompanionFolderForCognitiveTasks/MatricesImages/matrix4choice4.bmp,../../CompanionFolderForCognitiveTasks/MatricesImages/matrix4choice5.bmp,../../CompanionFolderForCognitiveTasks/MatricesImages/matrix4choice6.bmp,../../CompanionFolderForCognitiveTasks/MatricesImages/matrix4choice7.bmp,../../CompanionFolderForCognitiveTasks/MatricesImages/matrix4choice8.bmp,6
../../CompanionFolderForCognitiveTasks/MatricesImages/matrix5.bmp,../../CompanionFolderForCognitiveTasks/MatricesImages/matrix5choice1.bmp,../../CompanionFolderForCognitiveTasks/MatricesImages/matrix5choice2.bmp,../../CompanionFolderForCognitiveTasks/MatricesImages/matrix5choice3.bmp,../../CompanionFolderForCognitiveTasks/MatricesImages/matrix5choice4.bmp,../../CompanionFolderForCognitiveTasks/MatricesImages/matrix5choice5.bmp,../../CompanionFolderForCognitiveTasks/MatricesImages/matrix5choice6.bmp,../../CompanionFolderForCognitiveTasks/MatricesImages/matrix5choice7.bmp,../../CompanionFolderForCognitiveTasks/MatricesImages/matrix5choice8.bmp,8
../../CompanionFolderForCognitiveTasks/MatricesImages/matrix6.bmp,../../CompanionFolderForCognitiveTasks/MatricesImages/matrix6choice1.bmp,../../CompanionFolderForCognitiveTasks/MatricesImages/matrix6choice2.bmp,../../CompanionFolderForCognitiveTasks/MatricesImages/matrix6choice3.bmp,../../CompanionFolderForCognitiveTasks/MatricesImages/matrix6choice4.bmp,../../CompanionFolderForCognitiveTasks/MatricesImages/matrix6choice5.bmp,../../CompanionFolderForCognitiveTasks/MatricesImages/matrix6choice6.bmp,../../CompanionFolderForCognitiveTasks/MatricesImages/matrix6choice7.bmp,../../CompanionFolderForCognitiveTasks/MatricesImages/matrix6choice8.bmp,5
../../CompanionFolderForCognitiveTasks/MatricesImages/matrix7.bmp,../../CompanionFolderForCognitiveTasks/MatricesImages/matrix7choice1.bmp,../../CompanionFolderForCognitiveTasks/MatricesImages/matrix7choice2.bmp,../../CompanionFolderForCognitiveTasks/MatricesImages/matrix7choice3.bmp,../../CompanionFolderForCognitiveTasks/MatricesImages/matrix7choice4.bmp,../../CompanionFolderForCognitiveTasks/MatricesImages/matrix7choice5.bmp,../../CompanionFolderForCognitiveTasks/MatricesImages/matrix7choice6.bmp,../../CompanionFolderForCognitiveTasks/MatricesImages/matrix7choice7.bmp,../../CompanionFolderForCognitiveTasks/MatricesImages/matrix7choice8.bmp,2
../../CompanionFolderForCognitiveTasks/MatricesImages/matrix8.bmp,../../CompanionFolderForCognitiveTasks/MatricesImages/matrix8choice1.bmp,../../CompanionFolderForCognitiveTasks/MatricesImages/matrix8choice2.bmp,../../CompanionFolderForCognitiveTasks/MatricesImages/matrix8choice3.bmp,../../CompanionFolderForCognitiveTasks/MatricesImages/matrix8choice4.bmp,../../CompanionFolderForCognitiveTasks/MatricesImages/matrix8choice5.bmp,../../CompanionFolderForCognitiveTasks/MatricesImages/matrix8choice6.bmp,../../CompanionFolderForCognitiveTasks/MatricesImages/matrix8choice7.bmp,../../CompanionFolderForCognitiveTasks/MatricesImages/matrix8choice8.bmp,2
../../CompanionFolderForCognitiveTasks/MatricesImages/matrix9.bmp,../../CompanionFolderForCognitiveTasks/MatricesImages/matrix9choice1.bmp,../../CompanionFolderForCognitiveTasks/MatricesImages/matrix9choice2.bmp,../../CompanionFolderForCognitiveTasks/MatricesImages/matrix9choice3.bmp,../../CompanionFolderForCognitiveTasks/MatricesImages/matrix9choice4.bmp,../../CompanionFolderForCognitiveTasks/MatricesImages/matrix9choice5.bmp,../../CompanionFolderForCognitiveTasks/MatricesImages/matrix9choice6.bmp,../../CompanionFolderForCognitiveTasks/MatricesImages/matrix9choice7.bmp,../../CompanionFolderForCognitiveTasks/MatricesImages/matrix9choice8.bmp,6
../../CompanionFolderForCognitiveTasks/MatricesImages/matrix10.bmp,../../CompanionFolderForCognitiveTasks/MatricesImages/matrix10choice1.bmp,../../CompanionFolderForCognitiveTasks/MatricesImages/matrix10choice2.bmp,../../CompanionFolderForCognitiveTasks/MatricesImages/matrix10choice3.bmp,../../CompanionFolderForCognitiveTasks/MatricesImages/matrix10choice4.bmp,../../CompanionFolderForCognitiveTasks/MatricesImages/matrix10choice5.bmp,../../CompanionFolderForCognitiveTasks/MatricesImages/matrix10choice6.bmp,../../CompanionFolderForCognitiveTasks/MatricesImages/matrix10choice7.bmp,../../CompanionFolderForCognitiveTasks/MatricesImages/matrix10choice8.bmp,3
../../CompanionFolderForCognitiveTasks/MatricesImages/matrix11.bmp,../../CompanionFolderForCognitiveTasks/MatricesImages/matrix11choice1.bmp,../../CompanionFolderForCognitiveTasks/MatricesImages/matrix11choice2.bmp,../../CompanionFolderForCognitiveTasks/MatricesImages/matrix11choice3.bmp,../../CompanionFolderForCognitiveTasks/MatricesImages/matrix11choice4.bmp,../../CompanionFolderForCognitiveTasks/MatricesImages/matrix11choice5.bmp,../../CompanionFolderForCognitiveTasks/MatricesImages/matrix11choice6.bmp,../../CompanionFolderForCognitiveTasks/MatricesImages/matrix11choice7.bmp,../../CompanionFolderForCognitiveTasks/MatricesImages/matrix11choice8.bmp,8
../../CompanionFolderForCognitiveTasks/MatricesImages/matrix12.bmp,../../CompanionFolderForCognitiveTasks/MatricesImages/matrix12choice1.bmp,../../CompanionFolderForCognitiveTasks/MatricesImages/matrix12choice2.bmp,../../CompanionFolderForCognitiveTasks/MatricesImages/matrix12choice3.bmp,../../CompanionFolderForCognitiveTasks/MatricesImages/matrix12choice4.bmp,../../CompanionFolderForCognitiveTasks/MatricesImages/matrix12choice5.bmp,../../CompanionFolderForCognitiveTasks/MatricesImages/matrix12choice6.bmp,../../CompanionFolderForCognitiveTasks/MatricesImages/matrix12choice7.bmp,../../CompanionFolderForCognitiveTasks/MatricesImages/matrix12choice8.bmp,6
../../CompanionFolderForCognitiveTasks/MatricesImages/matrix14.bmp,../../CompanionFolderForCognitiveTasks/MatricesImages/matrix14choice1.bmp,../../CompanionFolderForCognitiveTasks/MatricesImages/matrix14choice2.bmp,../../CompanionFolderForCognitiveTasks/MatricesImages/matrix14choice3.bmp,../../CompanionFolderForCognitiveTasks/MatricesImages/matrix14choice4.bmp,../../CompanionFolderForCognitiveTasks/MatricesImages/matrix14choice5.bmp,../../CompanionFolderForCognitiveTasks/MatricesImages/matrix14choice6.bmp,../../CompanionFolderForCognitiveTasks/MatricesImages/matrix14choice7.bmp,../../CompanionFolderForCognitiveTasks/MatricesImages/matrix14choice8.bmp,7
../../CompanionFolderForCognitiveTasks/MatricesImages/matrix15.bmp,../../CompanionFolderForCognitiveTasks/MatricesImages/matrix15choice1.bmp,../../CompanionFolderForCognitiveTasks/MatricesImages/matrix15choice2.bmp,../../CompanionFolderForCognitiveTasks/MatricesImages/matrix15choice3.bmp,../../CompanionFolderForCognitiveTasks/MatricesImages/matrix15choice4.bmp,../../CompanionFolderForCognitiveTasks/MatricesImages/matrix15choice5.bmp,../../CompanionFolderForCognitiveTasks/MatricesImages/matrix15choice6.bmp,../../CompanionFolderForCognitiveTasks/MatricesImages/matrix15choice7.bmp,../../CompanionFolderForCognitiveTasks/MatricesImages/matrix15choice8.bmp,6
../../CompanionFolderForCognitiveTasks/MatricesImages/matrix16.bmp,../../CompanionFolderForCognitiveTasks/MatricesImages/matrix16choice1.bmp,../../CompanionFolderForCognitiveTasks/MatricesImages/matrix16choice2.bmp,../../CompanionFolderForCognitiveTasks/MatricesImages/matrix16choice3.bmp,../../CompanionFolderForCognitiveTasks/MatricesImages/matrix16choice4.bmp,../../CompanionFolderForCognitiveTasks/MatricesImages/matrix16choice5.bmp,../../CompanionFolderForCognitiveTasks/MatricesImages/matrix16choice6.bmp,../../CompanionFolderForCognitiveTasks/MatricesImages/matrix16choice7.bmp,../../CompanionFolderForCognitiveTasks/MatricesImages/matrix16choice8.bmp,4
../../CompanionFolderForCognitiveTasks/MatricesImages/matrix17.bmp,../../CompanionFolderForCognitiveTasks/MatricesImages/matrix17choice1.bmp,../../CompanionFolderForCognitiveTasks/MatricesImages/matrix17choice2.bmp,../../CompanionFolderForCognitiveTasks/MatricesImages/matrix17choice3.bmp,../../CompanionFolderForCognitiveTasks/MatricesImages/matrix17choice4.bmp,../../CompanionFolderForCognitiveTasks/MatricesImages/matrix17choice5.bmp,../../CompanionFolderForCognitiveTasks/MatricesImages/matrix17choice6.bmp,../../CompanionFolderForCognitiveTasks/MatricesImages/matrix17choice7.bmp,../../CompanionFolderForCognitiveTasks/MatricesImages/matrix17choice8.bmp,2
../../CompanionFolderForCognitiveTasks/MatricesImages/matrix18.bmp,../../CompanionFolderForCognitiveTasks/MatricesImages/matrix18choice1.bmp,../../CompanionFolderForCognitiveTasks/MatricesImages/matrix18choice2.bmp,../../CompanionFolderForCognitiveTasks/MatricesImages/matrix18choice3.bmp,../../CompanionFolderForCognitiveTasks/MatricesImages/matrix18choice4.bmp,../../CompanionFolderForCognitiveTasks/MatricesImages/matrix18choice5.bmp,../../CompanionFolderForCognitiveTasks/MatricesImages/matrix18choice6.bmp,../../CompanionFolderForCognitiveTasks/MatricesImages/matrix18choice7.bmp,../../CompanionFolderForCognitiveTasks/MatricesImages/matrix18choice8.bmp,3
